{
  "backgroundImage": [
    "minecraft:textures/gui/toasts.png",
    4,
    4,
    4,
    4,
    160,
    32,
    0,
    96
  ],
  "opacity": 1,
  "squareBorder": false,
  "autoEnable": true,
  "bottomProgressOffset": [
    -1,
    -2,
    -1,
    2
  ],
  "padding": [
    4,
    4,
    0,
    4
  ],
  "titleColor": "#FFFDFC",
  "normalColor": "#F4EBE0",
  "infoColor": "#E4B1D3",
  "itemAmountColor": "#E4B1D3",
  "boxBorderColor": "#654643",
  "bottomProgressNormalColor": "#E4B1D3",
  "bottomProgressFailureColor": "#FF4444"
}
