{
  "music.game": {
    "sounds": [
      {
        "name": "music/game/calm1",
        "stream": true
      },
      {
        "name": "music/game/calm2",
        "stream": true
      },
      {
        "name": "music/game/calm3",
        "stream": true
      },
      {
        "name": "music/game/hal1",
        "stream": true
      },
      {
        "name": "music/game/hal2",
        "stream": true
      },
      {
        "name": "music/game/hal3",
        "stream": true
      },
      {
        "name": "music/game/hal4",
        "stream": true
      },
      {
        "name": "music/game/nuance1",
        "stream": true
      },
      {
        "name": "music/game/nuance2",
        "stream": true
      },
      {
        "name": "music/game/piano1",
        "stream": true
      },
      {
        "name": "music/game/piano2",
        "stream": true
      },
      {
        "name": "music/game/piano3",
        "stream": true
      },
      {
        "name": "music/game/alexander-nakarada-adventure",
        "stream": true
      },
      {
        "name": "music/game/alexander-nakarada-battle-of-the-creek",
        "stream": true
      },
      {
        "name": "music/game/alexander-nakarada-forest-walk",
        "stream": true
      },
      {
        "name": "music/game/alexander-nakarada-medieval-loop-one",
        "stream": true
      },
      {
        "name": "music/game/alexander-nakarada-now-we-ride",
        "stream": true
      },
      {
        "name": "music/game/alexander-nakarada-tavern-loop-one",
        "stream": true
      },
      {
        "name": "music/game/alexander-nakarada-vopna",
        "stream": true
      },
      {
        "name": "music/game/alexander-nakarada-we-three-celtic-kings",
        "stream": true
      },
      {
        "name": "music/game/arthur-vyncke-red-forest",
        "stream": true
      },
      {
        "name": "music/game/peritune-world-op",
        "stream": true
      }
    ]
  }
}